x,y
1.9984992496248122,7.667864770438934
3.331165582791395,12.86656482570625
3.959479739869934,14.694932551045635
1.3301650825412707,4.937018636069428
1.8864432216108051,4.410450401115222
1.1580790395197598,4.831489089707517
1.1180590295147574,4.942192430985884
-1.287143571785893,-2.2507769796795114
2.306653326663331,7.7008495578836955
-0.6428214107053529,-0.20334156219836919
-2.279639819909955,-4.783082593268281
0.6098049024512253,1.8569315659808399
1.1940970485242621,4.667135316194883
-2.0475237618809405,1.7222731323339988
2.9629814907453724,8.137290957227124
-0.33866933466733373,-2.1850803778063987
2.3146573286643317,6.856603164712718
3.9834917458729358,8.733136885993616
4.979989994997498,13.818921057147284
-0.8589294647323662,1.7653051521496916
-2.36368184092046,-3.2222187389727033
2.9069534767383685,7.237324384646627
-1.3751875937968985,0.1411861831315572
-0.19859929964982515,1.7368766362694896
0.16958479239619795,5.792653211320534
-2.1635817908954476,-2.0041484678541943
3.8314157078539264,5.939581980560074
3.0790395197598794,9.45292060985391
4.447723861930965,11.323592328643457
0.6258129064532265,5.174099155677928
1.1340670335167582,4.721516838115729
4.68384192096048,12.652769081701003
1.9664832416208098,7.407728349764379
2.9149574787393693,7.544683298730928
2.6188094047023505,7.520884647212798
2.706853426713356,8.722123318016607
-0.7708854427213607,-1.4387271827608696
-2.295647823911956,-2.639787109336047
1.2341170585292645,3.5854791483922988
3.3711855927963974,5.742820394835221
1.6423211605802894,8.337405009964913
-0.2986493246623314,1.9094466444328693
3.975487743871936,13.819147183118572
3.0230115057528764,12.990333634661056
-1.303151575787894,0.17239237618466802
-0.5227613806903455,1.4514615092502923
3.4792396198099045,9.53350460028788
-2.8119059529764883,-1.1219388608891714
-1.4112056028014008,-1.4194230126411835
3.4632316158079037,7.742253362076471
2.5027513756878434,8.1347561971587
1.0260130065032511,4.930242786831907
-2.8599299649824914,-3.1563516917322505
-0.6668334167083545,-0.14274956678309159
-0.4507253626813408,1.5906819310220701
-0.7988994497248627,3.7975234068281813
2.1505752876438216,4.890073645795609
4.715857928964482,11.694420445915732
-0.9109554777388698,-2.2637985114392096
4.603801900950475,9.564383314855249
-0.20260130065032556,3.1976655581248004
-1.5792896448224114,-0.481066986715409
1.4022011005502746,6.804513888048986
1.142071035517759,3.259668088757098
-1.71935967983992,2.4465850662359085
4.259629814907453,9.941698834438007
0.7938969484742366,0.3724100647767452
-1.8674337168584294,1.358508862634229
-1.799399699849925,-1.6543727630323783
0.4137068534267132,4.584645658264357
-2.2036018009004503,-4.839082669854675
-2.3796898449224613,-0.15614896872461492
2.474737368684342,7.387906027467548
1.8224112056028012,7.485739515040838
3.2071035517758872,7.890160661464263
-2.5117558779389695,-1.9071503215763332
-1.2631315657828917,-1.721498612215726
-2.3356678339169585,-2.1246054829497023
2.242621310655327,6.750871755107451
2.2746373186593294,10.874839770841579
1.2501250625312652,5.919165498737067
-1.5952976488244124,-5.8675243121184595
-1.4832416208104053,1.0492468367662213
-1.507253626813407,0.12687526680622577
2.470735367683842,5.848310013980635
3.971485742871435,11.49899975348889
3.9914957478739366,13.256706748505163
-1.5392696348174089,1.2408795354553102
3.911455727863931,9.616690718064508
0.857928964482241,3.690955937515099
2.9109554777388693,8.35639089952266
3.9274637318659327,8.820460008583673
-1.1710855427713858,-0.4846390406194334
-2.375687843921961,-2.1034448351544124
-0.12656328164082042,1.441817712665262
2.518759379689844,10.119692731073963
4.823911955977988,12.90835114376623
-1.4032016008004002,3.1369100689399154
-0.7828914457228615,1.8988747825455077
1.5822911455727864,6.623600597639622
3.1430715357678833,13.298761376518495
3.223111555777889,8.66664702060259
-0.23861930965482747,-1.7446827537941871
2.9709854927463724,6.641922645186154
-2.579789894947474,0.2522343719246667
-0.16258129064532278,1.1356328866268075
-1.3111555777888946,-0.03681111965414979
3.57128564282141,8.019082218114995
-0.4027013506753381,1.4977809188173028
-0.9269634817408705,0.0917669899986111
-0.2186093046523263,2.1635089092430433
1.32616308154077,4.15484666161535
3.0710355177588786,9.871453456995738
2.9029514757378685,11.412365836091118
-0.3746873436718361,3.566815610274389
-2.343671835917959,-0.08316199981850914
-2.1395697848924464,-3.7856515159409803
1.9064532266133067,6.6220517162192065
-0.7188594297148576,0.953674818943026
2.7948974487243614,10.944418307485776
-0.5427713856928467,5.147784973357601
2.8909454727363677,8.248933499864743
2.170585292646323,8.854749646491468
0.14557278639319637,4.1966630087493915
2.482741370685342,6.794752032281506
-2.7478739369684844,-4.28712238462079
3.4192096048024005,8.43116103089004
-1.3231615807903954,-1.488674601010193
3.855427713856928,8.499442643677957
-1.0510255127563783,2.4146853100873207
4.771885942971485,11.064259415309117
4.607803901950975,13.486307224843646
0.28564282141070496,5.190912313365153
1.438219109554777,4.332626898370875
-2.867933966983492,3.2069682248227807
3.163081540770385,8.625046333191698
4.543771885942971,12.871732731428779
-0.8309154577288647,0.301760366430077
1.8104052026013004,3.2793569973001206
-2.7198599299649824,-3.2319891638488625
1.3501750875437715,4.471204775541936
4.419709854927463,12.41565368437447
-1.2911455727863934,-2.2796679165572367
0.861930965482741,2.988349835073908
2.3826913456728365,7.914613126117207
0.6218109054527261,5.9890324338464005
-1.795397698849425,1.3341583264002217
2.6788394197098544,8.113206230522625
-1.1910955477738872,3.5095625654065574
0.4017008504252124,3.1294756157406365
4.37168584292146,9.736693856067646
0.3416708354177085,1.224668039342951
4.5717858929464725,11.262525026744605
4.063531765882941,13.418743225470973
1.6823411705852926,4.133851673306712
1.4262131065532762,6.689975588062593
3.8874437218609303,12.354745234469439
-1.9474737368684343,-2.995423976418271
1.838419209604802,6.239604179205752
-2.03151575787894,-4.596921605628729
4.355677838919459,15.216215979535336
1.6743371685842918,7.242725748861431
-1.1950975487743873,5.234270193912397
4.723861930965482,14.172022939596944
2.5507753876938466,7.180844488401647
-1.2511255627813909,1.7483637838603507
-1.9514757378689345,-3.1470409121678387
4.3436718359179585,17.163667214325688
1.1740870435217605,6.555960634620109
2.3386693346673333,8.327988729767222
3.787393696848424,12.97812600828121
4.075537768884442,12.383309796418665
-1.6353176588294147,0.9281209496222886
1.9824912456228114,8.922583191536118
1.894447223611806,7.633752442726477
-1.815407703851926,-1.1760974767062007
-0.6828414207103553,3.495847630666715
-0.5067533766883443,3.8891014968188893
-1.0350175087543774,0.6819807390610485
-0.8029014507253627,2.0861606009729634
2.3986993496748372,9.314251321495533
-1.7233616808404204,-1.0201803017798097
4.959979989994997,11.325795378516625
-1.7713856928464233,1.6523084407978432
2.298649324662331,4.793655492432606
0.3496748374187093,4.727277002118945
-0.05852926463231656,4.314062536950543
-0.11855927963982005,6.624781449959952
4.463731865932966,15.027030540420824
2.3266633316658325,8.517367400532853
1.5382691345672832,8.42749207691595
-2.951975987993997,2.321874587342145
4.767883941970985,12.453268297988107
3.56328164082041,12.588294683403568
-2.647823911955978,-2.313683337924975
3.211105552776388,9.538573019129892
0.7218609304652324,5.155270822246972
3.8954477238619303,12.635804294207595
-0.8509254627313658,1.6282925540335005
4.643821910955477,12.938995282510648
-0.5027513756878439,1.3626076320906675
1.9704852426213106,4.5641289545947386
4.895947973986993,12.085699678670961
2.6308154077038512,4.4265163434763535
3.7633816908454225,7.255572320065747
1.8024012006002996,7.445966556412379
-1.7073536768384192,0.1472836573593408
-0.982991495747874,1.6238598236975132
-2.311655827913957,-2.340864222038481
0.5817908954477238,3.518772919751684
-0.17858929464732398,3.0884545900551927
1.48624312156078,9.566195075294171
0.20960480240120027,4.987612813660339
-2.587793896948474,-2.183485494101226
3.267133566783391,10.924949446051198
-1.607303651825913,1.9223588127208382
-1.2471235617808907,0.06963332850879661
3.2391195597798896,9.6824609456328
3.451225612806403,12.375164050338908
4.383691845922961,10.488148516901122
4.191595797898949,8.1030414025627
0.8179089544772382,8.430150097575433
-2.823911955977989,-1.6019156091912612
2.2026013006503247,9.848452895323284
-2.8319159579789894,-3.943634203690614
3.3991995997999,10.579697219578616
-0.9549774887443725,1.4644976732884607
2.9669834917458724,8.129198690402164
1.2301150575287645,3.4243906943185474
-2.403701850925463,-2.684677166815341
-0.9349674837418709,2.19269183095523
4.439719859929965,15.387809781475507
-2.2836418209104554,-0.5115225156693357
4.027513756878439,12.311348874060883
-1.383191595797899,0.6342148861316641
4.495747873936968,12.306294731590636
2.066533266633316,10.546012195554528
-1.9114557278639321,-2.840912500949103
2.5547773886943466,5.145694529043485
2.686843421710855,5.9931915062047825
-2.327663831915958,0.6228319893023353
1.314157078539269,5.25544259434015
4.347673836918458,11.408159919387137
-1.3431715857928965,-0.6958631194021974
3.2591295647823904,7.256371690886164
1.614307153576788,4.2437749168788645
-1.0230115057528766,-2.279156231716067
2.3426713356678333,5.503464026771745
1.8264132066033012,7.889087913601863
-1.9154577288644323,1.6935195144734054
4.8039019509754874,10.163752817912279
2.8989494747373685,4.711391427275024
4.939969984992496,10.951034138322962
-1.3911955977988997,0.797289918113524
0.7458729364682339,4.914637893252946
0.08954477238619285,1.0652147135998473
-0.0865432716358181,0.792924165409858
-2.087543771885943,-2.896264334418836
-2.167583791895948,-1.0212466177942372
-2.011505752876438,-2.6073817700736903
-0.19459729864932473,6.531573444503914
2.858929464732366,10.69701795470359
-2.6358179089544773,-3.326539494973169
-1.7593796898449225,-6.120601029670181
3.107053526763381,8.698022063547903
2.186593296648324,7.5389233905151976
0.7698849424712355,2.9141216273720767
-0.8869434717358682,1.7473665159740541
-2.483741870935468,-2.8929190472585513
4.791895947973987,16.41636712534813
0.6378189094547273,2.796469844863959
1.6383191595797895,7.323923988139195
-1.591295647823912,0.6540387949600829
-1.6033016508254128,-0.3498316206419029
0.19359679839919952,2.372950589854945
4.299649824912455,14.19513885129912
2.7988994497248623,8.978498557985613
-2.6678339169584793,0.49119552668532274
-1.4592296148074038,-1.6516186295297988
1.0020010005002495,4.886919070408731
2.174587293646823,9.422115647504471
2.8949474737368677,10.296777700607128
4.759879939969984,14.957755337976714
4.335667833916958,13.052731175172351
-2.1915957978989495,-5.822438672368527
1.0940470235117559,6.846278841749643
2.6708354177088536,9.671455028791787
2.866933466733366,6.86031419156795
3.1310655327663826,7.041946626457035
-0.34667333666833455,-1.006849586162255
1.3581790895447723,3.186655854745468
-0.7948974487243623,0.2701355280378075
2.062531265632816,4.082581648344096
3.2031015507753873,13.264357122120963
0.5617808904452222,2.8812146785647403
2.3746873436718356,5.607013343804944
4.415707853926963,10.657410660744963
2.934967483741871,11.985938911154848
-1.1990995497748875,-0.6096130994367588
-0.4467233616808408,0.08338569617307723
4.539769884942471,14.111501509290015
-1.9994997498749376,-4.931031095232281
1.1020510255127558,8.747982332836173
4.067533766883441,10.336871137517804
-2.9279639819909953,-2.5930351765760125
-1.2991495747873938,-0.7973420223747003
2.522761380690345,6.974974121706053
3.051025512756378,11.209461165461661
-2.967983991995998,-4.022601067687628
4.799899949974987,14.799423417474376
0.941970985492746,5.492986573175396
0.3216608304152073,5.0816272446570325
3.1910955477738865,11.357213957460491
-0.40670335167583804,1.3194965426924563
0.8099049524762378,9.286424426546198
-2.631815907953977,-4.673628544097587
3.047023511755878,9.025261531489402
-2.475737868934467,-3.064009966525771
4.083541770885442,9.753618526494396
1.7503751875937965,4.6254036005898085
4.995997998999499,14.403831087141185
3.09504752376188,7.936408865764732
2.9549774887443716,8.082672613300382
2.118559279639819,7.258612800395949
-1.1870935467733867,0.6975526107568029
1.090045022511255,0.9620181832182606
4.303651825912956,11.767343702653882
0.009504752376187753,0.6543436562013398
-1.0710355177588795,1.5479951576212103
2.878939469734867,7.361411775545258
-2.663831915957979,-1.5771325775562528
0.569784892446223,5.45354143989552
4.407703851925962,14.54891767258643
-2.3956978489244625,1.5042032921700605
-0.4947473736868435,5.164365377563052
3.227113556778389,8.359424681974936
-2.731865932966483,-3.3848247950594237
4.671835917958979,12.17941338217476
2.4867433716858427,9.773776336649693
1.5262631315657824,0.49545575763248717
-0.7308654327163584,2.1623392983153877
-0.6708354177088545,2.694799448436248
4.3396698349174585,14.666145979607226
3.0150075037518755,5.3990484359177096
-1.735367683841921,-2.7384481281409303
1.8704352176088044,4.843252950076434
4.115557778889444,11.660210505866129
2.178589294647323,5.030953059719073
-2.67983991995998,-8.06183052892106
2.2266133066533262,5.910739230614339
-1.1470735367683844,0.09804643083004294
0.14957478739369678,4.846048388683065
2.8389194597298646,7.941233511411737
-0.726863431715858,4.066729799204781
1.3021510755377683,2.783096215455186
-2.659829914957479,-4.961294894661652
0.5257628814407203,5.046460551063903
1.4062031015507754,3.0345011626768534
-0.8149074537268635,3.4144186835937194
-1.4552276138069036,-1.357121179880786
-0.14257128564282162,1.9953559691574863
3.5232616308154077,9.77989830310202
4.351675837918959,12.014729343090039
4.1715857928964475,9.086421158389792
-2.103551775887944,-0.18420867392479257
4.6278139069534765,12.40913827116325
0.8699349674837418,9.966669166120845
-0.46273136568284157,-0.41308329078023887
-0.7468734367183592,3.5239315910531315
-2.115557778889445,-0.006205418198929058
-1.4792396198099051,0.35481419889416715
3.4832416208104044,12.065024610963883
0.537768884442221,2.360499217023736
3.619309654827413,6.991920989558029
-1.2031015507753877,0.6875815215954085
0.4617308654327159,1.474581609833164
0.22161080540270106,4.811804063854985
-0.6788394197098553,5.632002888462243
-1.4072036018009006,0.4408459139199665
0.8019009504752375,5.370128125036198
3.395197598799399,7.549798182775497
-1.0390195097548776,-0.4165767251149952
-2.435717858929465,-1.5220920662830186
2.7308654327163575,11.117309546983133
-2.2116058029014507,-2.3683853491970552
-1.511255627813907,-2.855377777166249
-0.47073536768384194,-1.4535592123348087
-1.2271135567783893,0.3742824575941883
-0.3586793396698349,2.6004895739261555
-2.0155077538769386,0.07050812552653585
0.8499249624812402,0.9942556705401318
-2.003501750875438,-0.8770236610880503
2.818909454727363,9.027023222170737
3.5392696348174084,9.750494951995684
-1.5632816408204102,0.29476754158528456
2.29464732366183,5.0288729528822
0.07753876938469206,-0.21294138732241885
-2.987993996998499,-3.070566789018317
0.7258629314657328,1.544185048555235
1.3421710855427706,4.833001989063749
1.0220110055027511,4.610045493337669
1.774387193596798,6.99842061894086
4.255627813906953,12.877124224819037
0.1335667833916956,2.969776108542199
2.3346673336668333,8.184998974420731
1.7663831915957973,2.1254926043003497
2.354677338669334,6.333552667912357
-1.8034017008504253,-1.665936910406152
-2.8799399699849926,-2.413808014238312
0.10955477738869401,4.498426479184199
4.05952976488244,7.055221273630619
-2.4597298649324664,0.1474608231103276
1.4182091045522762,3.7852142180773214
2.458729364682341,8.438714470138864
3.059029514757378,13.146811920767
0.30965482741370653,4.388780632078585
4.983991995997998,12.142018674766812
-0.550775387693847,-2.525058761061876
0.541770885442721,5.126312897220142
-2.3996998499249624,-0.5650902650783385
4.955977988994497,13.042854024809305
-0.7748874437218611,0.27488072522700824
1.5222611305652824,6.090042361375166
3.6033016508254123,10.19859983976268
-1.3951975987993999,-1.0620695241245401
4.879939969984992,11.511252897082166
-0.41870935467733883,0.011353651314311097
-0.09454727363681847,5.057618530189578
4.091545772886443,12.781739711980247
2.2786393196598294,7.007905352368353
-1.6273136568284143,-2.0286428836873087
-2.2396198099049527,-2.4370500532354873
-1.4872436218109055,-2.119092357750546
1.7143571785892942,4.185023976364711
-0.6748374187093549,0.29630208770766653
-0.9589794897448725,0.8690586388491254
-2.331665832916458,-4.733602517571743
4.591795897948974,10.183064448860726
-2.6758379189594796,-3.2489726189283257
3.667333666833416,11.781096300017367
-0.4987493746873439,1.4279204830518069
4.131565782891445,10.947487443705814
0.23761880940470226,6.178062484823837
3.4032016008004,3.4821535081457586
-2.9559779889944973,-3.6026593447751587
4.775887943971985,10.760312969288748
-0.8349174587293646,6.026922223785929
0.3576788394197097,1.7669539836243493
4.779889944972486,14.46205961374503
0.1855927963981987,2.7918549504118477
3.0830415207603794,11.960371627314178
3.3151575787893943,6.359820498670063
0.8339169584792394,4.672338858162208
3.4872436218109053,11.450217384407942
4.53576788394197,11.486655475954631
4.507753876938469,10.121039375484322
-0.3066533266633318,-0.3061545081069741
-1.8834417208604304,-3.1076975405899496
-1.4232116058029016,-0.04751040974667803
-2.651825912956478,-0.17153275808252433
2.2666333166583286,8.411492178641254
0.1975987993996995,2.8319226310746686
4.8639319659829905,13.329012361016328
3.7593796898449217,10.007497532532568
3.795397698849424,7.849265114424006
2.982991495747873,12.359265330198907
-0.6348174087043525,1.0758595126126398
-2.7878939469734867,-6.725541372404151
4.0515257628814405,8.835938372390611
-1.671335667833917,0.5292662626135969
4.635817908954476,12.47875076540674
-2.4517258629314655,-1.0660013549254415
1.898449224612306,8.824881471353093
-1.5352676338169085,-2.854564675305932
3.2991495747873936,9.402765573806292
3.847423711855927,11.877424875550854
1.0660330165082534,-0.2385859236661494
3.6433216608304146,14.694456739393862
0.005502751375687787,0.239293427287798
1.7463731865932965,5.041525186473024
4.123561780890444,11.333948182070104
-0.694847423711856,-2.9447178305252084
-0.06653326663331693,2.530589442606785
-0.9149574787393697,-1.3750079682509555
-1.8234117058529264,-0.40742117700510877
3.73536768384192,8.554561502641938
-1.8434217108554278,-0.9735246383088263
0.06153076538269131,2.1968166174167267
-1.8714357178589296,0.5109540607150405
2.882941470735367,6.6872156077878175
4.911955977988994,16.898104972952286
1.034017008504252,3.381456974553779
-2.9959979989994996,-6.531566298572798
-1.2311155577788895,1.2591823103768922
0.28964482241120537,3.0608970576651187
1.6983491745872934,7.3109107181231066
1.5022511255627808,7.418624503541466
3.1230615307653826,7.389872253573563
4.323661830915457,11.825331037829848
3.2551275637818904,10.585267859859588
-0.20660330165082552,5.062162992126698
3.7073536768384185,12.57723737824295
-2.3036518259129566,-1.4861592958713734
-0.022511255627814197,3.1167006124597587
-1.3351675837918962,-0.6585717572660895
0.09754877438719323,2.7471671821015184
3.555277638819409,10.758648962355817
2.6828414207103544,6.851209609755584
3.9514757378689342,10.184907494508314
3.5432716358179084,8.955208991918083
2.534767383691846,10.102518261327237
1.8824412206103052,7.242936988804028
2.190595297648824,4.916268080059908
-1.8274137068534269,-4.072780943488871
4.235617808904451,10.851520259278338
2.7748874437218607,4.466551331104266
-0.07853926963481772,2.04513583940495
-2.567783891945973,-0.008107565845916653
-0.75487743871936,2.3301056810574323
4.467733866933466,13.007917151025927
2.7188594297148567,9.949352049543364
0.3336668334167081,8.364816490333975
3.7713856928464224,8.434451641905166
4.079539769884942,10.155151674615732
3.739369684842421,10.323640697501386
-1.1150575287643822,-0.9052141744128621
-0.6188094047023514,0.8519351008202455
3.899449724862431,8.779290820094701
2.594797398699349,7.936222874990541
1.0460230115057527,7.114309838485317
1.890445222611305,7.316422913883206
-0.7388694347173588,1.1559343694279667
1.8744372186093043,6.546172558730585
-1.1070535267633819,-1.7716564813320197
-2.795897948974487,-2.6577024483766714
4.239619809904952,13.442502576989618
-0.3786893446723365,1.378473305177408
-1.5192596298149075,0.23930065553135665
1.5862931465732864,7.494243095543981
-0.610805402701351,5.939351935364674
-2.939969984992496,-4.844205796986164
-2.1195597798899453,-0.4964036777769387
1.7423711855927957,5.122000413817104
0.281640820410205,4.759660279478554
-2.979989994997499,-1.5474993879909547
-2.3676838419209605,-3.722905799476683
2.7148574287143568,11.210159778928546
3.623311655827914,10.744136313114165
-2.551775887943972,-3.0889077062281807
4.015507753876938,12.782464442628017
4.035517758879439,9.109507303391231
-1.0310155077538772,1.4235031911503364
-0.9429714857428717,-0.6644799624508233
4.787893946973486,14.426505835818158
-2.131565782891446,-6.6070010380118225
0.16558279139569754,4.064726560382217
0.4377188594297148,6.705498863131112
-2.8999499749874937,-3.8962893597645056
-2.147573786893447,-2.6834659643185637
2.0905452726363176,6.721348531650995
-1.2831415707853928,1.537568521893915
3.2911455727863927,9.186887713618056
2.590795397698849,7.73673913635364
2.0545272636318153,8.570489047369781
3.103051525762881,6.843610138396669
3.1190595297648818,9.370429256391205
-0.5547773886943475,2.449544736277052
1.3621810905452723,5.819035402079963
0.9379689844922456,3.5917851228281377
1.378189094547273,1.0735709761179777
-2.8519259629814906,-5.074608537718873
2.302651325662831,8.959183905450525
3.1990995497748873,8.807483842260474
3.0310155077538763,10.038940067222953
3.151075537768884,7.750501226192249
3.339169584792396,9.93765577573949
-2.759879939969985,-5.553696150671225
-2.023511755877939,0.8501107820194755
1.546273136568284,6.846315172408385
-2.9239619809904953,-2.0394556795463115
2.414707353676838,10.016636713633746
0.7418709354677335,-0.46315189624639785
-0.7028514257128564,-2.0120763762224225
1.150075037518759,5.013116912175487
0.9979989994997496,5.818405942409653
2.010505252626313,8.564955202682762
-2.5277638819409707,-2.1955684962598725
-1.543271635817909,0.539430998863237
-2.1075537768884445,-1.8874947832670728
-2.699849924962481,0.41540251076490664
-0.466733366683342,1.3536104938843212
3.5832916458229107,9.81461603513986
3.4112056028014006,6.738374445496877
-2.4637318659329663,-0.17944795002304947
3.73136568284142,11.491788033462234
1.7383691845922957,4.85966691148168
3.499249624812406,11.045557820169817
2.586793396698349,8.553604133265418
3.923461730865432,9.585438678434377
2.9469734867433717,9.271929103093171
-0.5707853926963482,1.3875228078861825
0.7298649324662327,2.076214795535064
-1.939469734867434,0.5973644058221355
-0.6308154077038521,1.5074171150384923
0.5977988994497245,3.4202346470983755
4.4597298649324655,11.118322283179145
0.9859929964982488,2.452150966502121
2.1625812906453223,10.970346784175398
2.5427713856928458,9.60576571629592
1.3341670835417707,2.542643722233261
4.583791895947973,14.405109591353662
0.7498749374687339,5.949001291026832
-1.5152576288144073,0.6802714944874808
-2.8639319659829914,-1.794818100153848
2.5147573786893442,7.776092453025732
1.374187093546773,8.091803270295365
-0.870935467733867,-2.3279278590585637
4.563781890945473,13.362964203187943
-1.4272136068034018,-0.6748376076241286
2.6268134067033513,7.422801093028776
-1.9954977488744372,-3.7778913896369444
1.8144072036018004,7.434780435328454
3.9394697348674335,10.033807527830128
2.746873436718359,7.77988302626342
0.6298149074537265,3.690915156322317
4.267633816908454,11.71020562128146
1.370185092546273,5.834303263137823
-1.9274637318659331,3.078071509394701
-2.2436218109054527,-1.784716111292456
4.711855927963981,12.825539566641881
2.6068034017008497,9.475160377185134
-2.9119559779889945,-3.267075812547348
-2.7838919459729867,-3.7003582453334225
1.9584792396198099,8.497300334852493
-0.8189094547273639,3.581485077454245
-1.0270135067533768,3.418083635091591
-2.2556278139069534,-0.4033145466871979
0.2056028014007003,-0.3585920895836523
4.967983991995998,13.581733993559391
2.230615307653826,5.833787592230339
0.24962481240620304,3.5171777061415233
0.21760880440220065,2.5666367881805345
3.907453726863431,9.500624520772979
2.194597298649324,6.313226095997448
2.7428714357178583,8.982531968179888
3.0110055027513756,9.650072204630085
1.0740370185092543,1.8688144714521635
-1.651325662831416,3.267034227585075
3.387193596798399,7.677911530727609
3.3071535767883935,8.868469090982627
-1.3191595797898952,0.7466964805143222
2.5627813906953474,7.7812116833496
1.8624312156078036,3.260000980281855
1.2941470735367684,3.626262723109891
4.231615807903951,12.898778292558685
-1.9234617308654327,-2.867947528370233
4.263631815907954,10.659884745255432
-2.711855927963982,-3.054459321048799
-0.38269134567283647,2.7071624093182978
0.5177588794397194,1.3119655630118277
3.8634317158579288,9.892386060466704
4.891945972986493,16.17756974740568
-1.9314657328664333,0.8197710502697593
0.15357678839419675,2.6947008053990817
0.5137568784392195,2.6945521873891005
1.7103551775887942,3.0502526091259075
2.698849424712356,10.61602249059109
0.9139569784892445,5.817756988284006
-1.6753376688344173,0.7339861901746934
-1.4672336168084044,2.4074033566212814
4.923961980990494,15.012537760596075
-2.3556778389194597,0.05405401892922579
0.5537768884442218,6.746811876806479
0.6138069034517257,4.043206073876805
-1.3071535767883944,-1.1098541068316063
4.7438719359679835,12.74123983377469
2.3106553276638317,8.850792111162178
-1.4512256128064034,-1.026304510643953
-1.751375687843922,-0.49738767485872115
-1.8994497248624314,1.8238288884018417
-0.48274137068534273,3.9878690167357136
4.615807903951976,10.548725949212354
4.935967983991995,13.72887146058184
3.231115557778889,6.308432120127376
3.443221610805402,9.379077000541745
-0.25462731365682867,4.748331649195854
1.1660830415207597,4.706963906607342
-2.6718359179589797,-3.163421058112247
4.927963981990995,16.42106256424907
-1.3471735867933967,1.3227171217021165
-0.31865932966483257,0.38684683536680975
-1.959479739869935,-0.2920951593159763
0.02551275637818895,1.5256365533713094
-1.3551775887943973,-2.4913263924121134
1.5182591295647825,2.098060032789592
3.439219609804902,11.13659276896613
1.4822411205602801,9.058510120457598
4.619809904952476,14.804674501600596
3.675337668834417,12.473318621661672
-2.1435717858929464,0.6771221731647845
4.391695847923962,8.687231672028716
0.05352676338169049,3.5130188723120086
4.991995997998999,13.352515009355693
-1.1310655327663832,-0.5775044771333744
2.75887943971986,11.425516148357234
2.134567283641821,5.4418352409887865
4.319659829914957,12.63229360580139
3.343171585792896,8.982412759034558
4.199599799899949,11.462925171683493
-1.2071035517758881,-3.3779652797956867
1.0500250125062527,5.627980838949735
1.946473236618309,8.581268928007145
-0.18259129564782395,2.6284308030886665
0.21360680340170068,1.8969298719342622
0.6338169084542269,6.632762950547801
-0.3666833416708357,0.5005080574666803
4.159579789894947,15.976620373789517
3.1390695347673834,9.516334490777913
-1.5232616308154079,1.6157450520736327
1.9384692346173082,7.914015611357421
-0.15857928964482282,7.498245879858668
3.4752376188094045,8.097106276068113
-0.294647323661831,-0.7154360138885987
4.819909954977488,14.48226115410991
4.243621810905452,9.613489970261512
0.14157078539269596,4.306323943441593
-0.7428714357178592,0.8573071973599025
2.574787393696848,10.868603422210725
-2.2876438219109554,-2.4300758463861936
-1.4632316158079042,0.2654839873661564
-1.6433216608304153,2.7590112868939007
-0.08254127063531769,4.438782217859364
0.9659829914957476,3.994820651606416
3.3551775887943966,7.495947257708448
1.554277138569284,5.078610082074839
-2.615807903951976,-0.8796124057069903
3.5952976488244115,10.290791621450081
1.778389194597298,6.880627921261786
3.4312156078039013,6.946621719176491
3.3631815907953975,9.20619239199738
1.0100050025012504,4.210346812283701
2.1985992996498247,7.150359962791471
-0.6868434217108557,-0.42761348673354904
0.7618809404702347,8.01385358569766
4.095547773886943,17.154708370205544
-0.47873936968484276,-0.024261710522634594
4.379689844922461,11.499734283115394
-0.13456728364182124,2.6801862525773523
-1.863431715857929,-2.879703788487863
-1.4192096048024012,-1.869262738163247
-0.39469734867433726,1.757460498496357
0.253626813406703,2.4138989794716363
0.4857428714357175,6.466741245837179
0.9779889944972484,3.348709416912916
1.0620310155077535,7.895871231859488
-1.9034517258629315,-0.6006222891088668
0.6058029014507249,5.2110729370445625
-2.4797398699349675,-3.370624162958027
-1.1190595297648827,-1.9473090948392122
-0.9949974987493748,1.2082562259103884
1.7863931965982989,7.744463567562576
-1.0190095047523764,0.893307083251206
-0.01450725362681382,0.9008112092083422
-2.5237618809404703,0.45453948125647337
3.919459729864932,11.863837243553098
-0.6148074037018509,2.334803344144305
4.731865932966483,10.855891280720373
-2.1755877938969483,-1.8860597850715002
-0.3626813406703353,5.5218439102551296
2.234617308654327,8.461472591379984
1.7063531765882942,4.95754179491548
3.383191595797898,11.123988473808254
3.4672336168084037,10.53883570616353
-2.903951975987994,-2.7128220125726688
4.751875937968984,12.196569363656119
1.2981490745372684,2.9160557822366435
-2.487743871935968,-5.63744928284113
-1.367183591795898,-0.8293716563402218
0.0015007503751873763,5.689508986481158
1.5302651325662824,8.732722077805915
3.799399699849925,10.884535533274716
2.2106053026513255,7.720074965084064
1.8064032016008005,6.7698526953331415
3.283141570785392,10.690689293237108
-2.8919459729864934,-3.1635865885924357
-1.6913456728364182,-0.8720542406154213
-2.5597798899449726,-3.1925131992715574
4.67983991995998,13.31334873510851
-2.227613806903452,-0.3045596709995737
-2.947973986993497,-3.3347780135301974
-0.8629314657328666,0.567803096962935
-2.727863931965983,-0.3559567137880322
4.519759879939969,15.31266337746596
1.6343171585792895,7.508523029307021
3.219109554777388,9.849671624605788
-0.8789394697348678,0.15738781744017905
2.826913456728364,8.784604716191255
0.1255627813906952,4.053230398442747
3.7673836918459225,14.412465958132458
0.02151075537768854,6.385488812404397
1.834417208604302,9.352762456288247
0.7778889444722359,5.543633326835757
1.038019009504752,4.554585464055094
2.28664332166083,7.00155137241582
-0.322661330665333,-1.7845058619892535
4.8599299649824905,10.694387541706659
4.503751875937969,10.60719659620872
-1.2151075537768885,1.3522869603857233
4.287643821910955,12.155964477855104
2.1425712856428207,7.311637614719866
2.2226113056528263,9.117597915143527
4.011505752876437,12.381458159491551
2.582791395697848,8.168822140309578
4.179589794897448,11.703617855846403
1.8544272136068027,7.0932126363861485
-1.0550275137568785,-2.3906269806305827
-0.2466233116558283,0.19519225193999734
-2.0675337668834417,-0.3631897968539046
-1.7753876938469235,-3.9528663361328062
-1.2791395697848926,-1.8796546189290257
4.127563781890945,8.976912513479784
2.974987493746873,9.76561380622932
2.2186093046523254,7.058478279895284
-2.3516758379189593,-1.4878609682847839
-0.6388194097048525,0.8572984917795698
-1.9834917458729366,-3.020999554390176
-2.6078039019509753,2.8686471565345233
0.68584292146073,4.17736409694732
5.0,12.749277862140133
4.395697848924462,10.788978944447795
3.963481740870435,10.040969435594626
-1.7633816908454227,-1.5733775177982139
-1.7913956978489245,0.454477945501073
-2.4957478739369687,-0.1684480248278475
-1.6953476738369186,-1.9835611531948194
4.727863931965983,10.465189351687437
-0.29064532266133103,5.284528091905052
0.7018509254627312,4.161111739785596
3.3751875937968983,7.612913749641919
1.0700350175087543,1.284654107915367
2.810905452726363,9.145208554790186
3.1830915457728857,9.404808977354572
-0.07453726863431731,2.042570732095427
3.4912456228114053,11.692355411366863
0.9619809904952472,2.8979444231455833
-0.41070535267633845,1.9183576063971268
3.4272136068034014,7.893571840776364
1.3861930965482738,1.5752457602055108
-2.8199099549774886,-7.089519460241163
0.24162081040520222,5.239452997161386
3.671335667833916,9.219935054953394
0.22561280640320147,4.308611940581704
0.6018009004502249,3.162172071145575
2.938969484742371,9.535531690592068
3.3591795897948966,11.576180324120962
0.9059529764882437,8.027887504852192
3.263131565782891,13.81346516602217
1.6903451725862926,10.084584858644444
-0.24262131065532788,3.1221975256244017
0.049524762381190524,0.9020689410346652
-0.5147573786893447,0.6408226032903099
0.5457728864432214,1.494728842883271
2.6628314157078536,10.42941132494
3.683341670835417,12.199383017716354
3.215107553776888,11.026695744776209
-1.9714857428714359,2.2519249378775825
1.7543771885942965,5.083243132938945
2.0465232616308153,9.49216669642235
2.8309154577288638,8.928287191064056
1.8304152076038012,6.071662163779226
-1.2591295647823912,0.4233522593390027
-0.5747873936968486,7.053723606729775
1.9624812406203098,3.5964357572629893
4.655827913956978,11.171758764847015
3.8714357178589287,13.10261565915606
-1.1390695347673838,2.1421406098114755
-0.5947973986993498,-0.7173063921317202
-2.35967983991996,-3.7065216123803193
4.559779889944972,11.16069209563783
-0.3906953476738373,2.7487460530648504
1.550275137568784,6.105975746885735
-0.8549274637318662,1.0929404354075059
3.4352176088044013,8.388345358773893
4.151575787893947,11.753938342664384
4.69184592296148,9.798192033728883
1.8664332166083035,5.208488958404372
4.963981990995497,14.09494180572406
0.22961480740370144,5.818235503437459
3.515257628814407,7.790900274334683
1.2261130565282636,7.8398161784599285
2.702851425712856,7.699522159393013
-1.0070035017508756,-2.533206919610155
3.503251625812906,9.119447811126735
4.555777888944472,13.148445198199466
-2.627813906953477,-1.0636228948587898
0.16158079039519757,5.071453201364367
1.1380690345172582,5.5681885427142355
4.36368184092046,8.347497268375115
-0.9229614807403705,-1.1682055781296987
0.5097548774387191,5.8686596481587605
-0.6588294147073537,5.191536570366383
0.06553276638319128,-0.8644267426793584
-0.9069534767383693,-0.622475120717356
-2.807903951975988,-2.6563460983184926
-0.866933466733367,2.5626569942834836
0.39369684842421204,4.027979227412653
0.9459729864932465,3.234997396859522
0.5657828914457226,6.518672503704786
0.425712856428214,2.9224487505515273
-1.0590295147573787,4.779070086460603
-2.915957978989495,-1.4565847189764385
1.4462231115557778,6.116286777081126
4.471735867933966,8.832645042086607
2.058529264632316,5.359546616258894
0.0415207603801897,5.364510930086636
0.36568284142071006,2.6837260840294896
0.7898949474737367,2.0327001080899754
4.807903951975987,9.263255466461338
3.5472736368184083,14.143680436728637
-1.159079539769885,-3.11012388193849
2.92696348174087,8.439868558179757
-2.1275637818909456,-2.509288332506889
4.071535767883941,9.404595623876283
-0.002501250625313034,6.394253627793962
-0.9389694847423713,0.5699385153260763
4.219609804902451,9.577973373355931
1.4742371185592793,1.1200109280163186
4.53176588294147,14.427846972778788
3.5912956478239115,10.091135400669877
-0.5987993996998502,5.8135377122172285
3.5792896448224107,10.701782935855064
1.0140070035017503,7.813910242764193
-0.4547273636818412,2.7281368311785568
0.9539769884942468,6.194339815646046
1.0420210105052528,5.36096876170986
3.7833916958479232,11.987368790124892
2.538769384692346,5.91961822274785
4.639819909954977,14.043724624475066
-2.9919959979989996,-5.496149712900576
0.5297648824412202,5.998415651462688
3.5752876438219108,6.5939939778847965
0.8979489744872433,3.8607684915947464
-1.3791895947973989,2.402878558727296
4.1635817908954476,11.890385625692483
3.5352676338169076,10.618710070440653
0.5897948974487242,3.2365365180082737
-1.6673336668334169,1.2216181140772029
-1.2671335667833918,0.1521029413269505
-0.04652326163081577,0.27473818094511904
-2.071535767883942,-1.878921667414798
1.3661830915457722,5.01528829613779
2.1385692846423208,3.89202035246207
0.06953476738369169,3.6373893651230578
1.9104552276138067,6.672807047461602
2.070535267633817,8.35020457629023
2.0505252626313153,7.393988013960036
4.223611805902951,11.024886799484978
2.3906953476738364,5.24090447043792
1.9344672336168083,7.644013374007935
0.4777388694347171,1.358641038055291
1.494247123561781,5.368837062561979
-2.2316158079039523,-2.3249650316257897
2.978989494747373,7.220131045640082
-2.791895947973987,-4.6125926617171675
-1.0030015007503754,1.6203417033189824
-1.6313156578289145,0.03690870681844449
-1.0630315157578791,0.8058270396919086
-1.6833416708354179,-2.6062802209349036
4.547773886943471,11.895974460950738
-2.1795897948974488,-4.63816184279105
-2.247623811905953,-1.8056497405046645
1.6703351675837919,8.307061509838414
2.2626313156578286,8.615527445963957
1.086043021510755,4.064641494245588
1.2461230615307652,5.691147383872268
0.44172086043021475,7.631436611586118
3.055027513756878,10.28331906152131
4.855927963981991,13.902108989393387
4.247623811905952,11.33802289760931
1.49024512256128,6.167805647599805
1.9864932466233114,10.72600059218033
-0.8269134567283642,-0.8188326426159658
-1.3151575787893948,-0.2998830511099164
3.627313656828414,9.981356865988973
1.1860930465232613,1.1951832111638412
-2.7798899449724863,-0.7115790191338005
3.56728364182091,10.712460093394435
4.327663831915958,11.132308758416093
4.491745872936468,12.23866905164076
2.870935467733866,5.628494796361151
0.033516758379189326,4.236031827597305
1.8784392196098043,5.517602011154306
1.5062531265632817,2.954490754378533
1.4502251125562777,7.284337156329634
1.1700850425212606,4.7989751292686895
4.331665832916458,12.881747155185906
-0.6988494247123564,2.182343890673269
0.5217608804402198,6.170000671267237
-0.7148574287143572,2.266430271892487
3.1270635317658826,8.347005340738342
3.0630315157578787,11.353014653392947
4.499749874937468,10.39413141657223
1.154077038519259,2.134593172489007
-2.1235617808904452,0.3462704692134364
0.9219609804902449,3.8002362827882026
-0.34267133566783414,2.335121069236219
-1.7153576788394198,-0.5143543094325421
0.9299649824912453,3.8412108177834616
-2.2356178089044523,-2.8495589277967612
-0.2346173086543275,1.7245524054793828
3.4232116058029014,8.93442759016024
0.4897448724362179,5.671212396961959
-2.03951975987994,-3.038714599138007
0.1215607803901948,3.326983163488914
3.843421710855427,12.501698317964346
1.9024512256128059,5.066489022147003
2.9509754877438716,8.503589809852613
-2.51575787893947,-4.106147998742675
0.4657328664332163,3.921276876309243
3.1750875437718857,7.3449666165913845
2.7908954477238614,11.647033578610515
-0.8069034517258631,0.5713767006662142
3.275137568784392,9.850810562278797
-0.47473736868434235,-2.598235881211406
4.815907953976988,12.306101578802425
-0.3026513256628318,-1.8887024311783769
1.954477238619309,4.471947281538521
-2.1595797898949476,0.8526457921911135
-1.363181590795398,-1.1433075088873454
-2.4317158579289644,-2.6080016841408677
-1.3511755877938971,2.8094953663713595
-1.3991995997999,1.2624759111696582
3.7553776888444217,11.02167841620853
0.38969484742371163,5.978205522035045
-2.5077538769384695,-3.9666495624762206
2.12256128064032,7.544661734580129
-0.2866433216608306,3.4924588693964225
1.2901450725362675,5.805365978948624
-1.6153076538269135,1.3349711252504892
2.8509254627313654,7.023233300847165
-2.743871935967984,-3.9738432882830548
4.311655827913956,15.28123152587995
0.43371685842921437,1.49498028666261
3.171085542771385,7.881797164817234
0.36168084042020965,5.204384990224109
-1.271135567783892,1.9168083448872033
4.271635817908954,10.960145388635047
-2.155577788894447,4.896424332657908
0.797898949474737,3.5385639698973144
-0.8229114557278643,1.4239533629584342
4.7398699349674835,8.42314385054199
3.915457728864432,9.41781713412572
1.31815907953977,6.519100136854974
1.198099049524762,5.69904233134361
-1.8754377188594298,-1.3346770186691317
-2.4397198599299648,-5.553839832582614
1.206103051525763,5.709187229409381
0.6938469234617304,4.14896928283173
-0.5667833916958482,1.3313949560859606
1.9904952476238114,4.810224312481906
0.17758879439719832,3.322398090262239
-0.6068034017008506,0.9185829426020954
4.755877938969484,15.417080633357028
-1.8874437218609306,-2.9039640036271988
3.6953476738369178,10.173774009284807
4.135567783891945,8.129930280809369
-2.8959479739869933,-2.3772673262974005
0.6778389194597296,4.3231630404724255
-2.2756378189094546,1.7080189575074312
-0.7108554277138572,1.865874755001046
-0.4267133566783392,-1.2660066023196705
-2.4917458729364683,-5.110187646341188
1.9784892446223106,4.2818450363655
2.6588294147073537,3.45368597240026
-2.3476738369184593,-4.7510435246035705
-1.9194597298649325,-5.1809280152485915
-1.6233116558279141,1.163145236457901
2.254627313656828,7.425687306857277
1.666333166583291,4.999451298356815
-0.9669834917458733,3.8476539647392842
-1.7873936968484243,-4.3854659424344264
4.295647823911955,12.372768911977314
3.979489744872436,8.044033231923883
-0.6508254127063533,7.492780974617118
2.4987493746873435,10.799433327311078
1.3101550775387691,8.221965768375227
-2.007503751875938,1.0077865648954343
0.9019509754877437,3.8231291550169075
3.043021510755377,9.174303020165807
3.8794397198599295,15.214162363711399
4.423711855927963,15.568072493829645
-0.6548274137068537,0.3314675978328139
0.38169084542271126,3.2936715508242074
4.119559779889944,9.550167900323839
3.7513756878439217,8.466024083074176
2.9189594797398692,7.700663314405885
4.763881940970485,13.843397451540717
4.1115557778889436,15.216816232133827
1.7623811905952973,4.93757953352445
-1.091045522761381,-0.7842204483668966
-0.3866933466733369,4.622298288622206
4.187593796898449,12.26234865499497
-0.2586293146573291,3.186497527106168
3.679339669834917,14.78326710419974
-2.9439719859929965,0.9012799287633779
0.5057528764382186,3.637149649493569
0.30165082541270616,3.7719387847922903
0.8139069534767382,1.6442019514247908
1.7183591795897941,5.935646395742371
2.6668334167083536,9.97874444196098
-0.7508754377188596,1.6331215556937622
-1.1790895447723864,1.5366394301453892
0.36968484242121047,1.8037033326217744
4.887943971985992,10.703049755596131
3.7193596798399193,10.773812770842735
-0.7868934467233619,1.084250459786199
-1.6793396698349174,-1.7712452219464243
1.7703851925962981,6.211453844641794
-1.8394197098549276,1.9500721217529184
2.3786893446723356,8.67335858936734
1.1220610305152574,1.8250829222819074
-1.2951475737868936,0.6211519429096144
2.4947473736868426,7.920585176317429
2.0345172586293145,10.759212181925554
4.375687843921961,10.104440073671174
4.435717858929464,8.730297836119853
1.0180090045022512,5.296961005634286
2.0425212606303145,6.609373702241403
-2.0955477738869437,-4.592568463741957
4.291645822911455,10.165913041778607
-1.5712856428214108,2.1477781856069997
2.2586293146573286,7.244791806108685
0.397698849424712,4.863151794910574
3.271135567783891,6.821502500490614
-0.22661330665332668,0.1190766758051578
1.430215107553777,6.024019868759551
-0.8109054527263635,1.8560750276147238
1.4582291145572785,0.8363266153066213
1.5102551275637817,3.796275446550827
-2.871935967983992,-2.3018184794173173
-0.45872936468234116,-0.49743977011518314
0.09354677338669326,4.249590557316854
4.04752376188094,10.45353727836348
-1.6593296648324163,-2.6908342316196476
1.8184092046023004,6.218964184990193
-0.9789894947473736,5.604467387294847
2.822911455727864,9.526564696494791
2.4427213606803395,4.478231283235369
-1.87943971985993,-1.458671800738692
0.6498249124562276,4.070390362212682
-2.5757878939469734,-1.3607056747346706
-2.1715857928964484,-4.898281951610733
4.903951975987994,13.37973973051352
-2.855927963981991,-5.947673115881059
-1.3271635817908956,-2.4414404905548874
-1.6113056528264134,0.2343250552694202
4.21160580290145,11.146553024577438
-2.215607803901951,-8.612442226232536
1.606303151575788,6.651407982242676
4.675837918959479,8.896696350310721
3.447223611805902,10.883452342494067
-0.9869934967483744,2.223137256642648
-0.026513256628314164,5.158205734232368
0.41770885442721317,5.68701886030138
1.2421210605302644,4.8272111025229005
3.3671835917958974,7.570600987576032
2.238619309654827,6.0643688723869795
3.6553276638319154,13.30988034236747
4.4557278639319655,11.672220859924932
2.246623311655828,9.32008725188501
4.315657828914457,13.846443463234344
-2.935967983991996,-1.6946292955511548
1.266133066533266,3.7891428350873513
-1.219109554777389,-0.4691761579450653
0.49774887443721827,0.594242914560196
3.7113556778389194,12.958609490804267
4.703851925962981,8.63358945769544
4.567783891945973,13.272323398848641
2.862931465732866,9.672086165000298
0.017508754377188573,2.7959451790929286
4.659829914957478,12.281101963445987
2.182591295647824,9.283119229516021
4.651825912956478,14.081272764634793
0.7858929464732363,4.6586653505076425
1.4702351175587793,7.034145844918302
3.4152076038019006,11.991090851564241
-2.539769884942471,-1.7298411332928378
4.431715857928964,14.246387529799305
-2.319659829914958,-4.31263746894125
1.2701350675337668,3.933206402229338
2.8429214607303646,9.089856339359525
1.7983991995997997,4.32628452506118
4.735867933966983,9.139951027418675
-1.3711855927963983,1.660961650641024
2.358679339669835,6.654957231166303
3.611305652826413,10.63567893806141
3.691345672836418,10.886917763705545
-2.535767883941971,-1.2170838297067923
0.44572286143071516,4.6139840949938735
2.0265132566283137,6.200327585571353
2.1545772886443215,10.407978431970012
3.1350675337668834,8.713648552430817
2.7388694347173583,10.254163507930226
2.3866933466733364,11.455122562408063
-2.5717858929464734,-1.2137125644283595
-0.5107553776888447,2.4065789926800782
3.2511255627813904,13.867403351752005
-2.04352176088044,-0.930601213368281
0.6578289144572285,2.4576080115785555
-0.09054527263631851,1.7692705116706988
-1.0670335167583793,2.1616318241695947
4.107553776888444,15.47750543905105
-2.2076038019009507,-3.3537994250383916
-1.1550775387693848,0.9490793424810111
2.4547273636818403,6.258764606045554
3.0750375187593795,6.2193433422872015
3.5992996498249124,12.897804858996036
-2.6398199099549773,-3.80151081215951
-0.27863931965983024,1.5859635801268692
0.653826913456728,6.300261441954859
-1.0870435217608805,-1.7810280734263109
4.663831915957979,13.06777717338657
-0.31465732866433216,1.4773898676254742
3.287143571785893,8.884777184537631
-1.4432216108054028,0.8329170444557201
4.475737868934467,12.13052129040224
1.3461730865432715,7.005044740987261
-1.4992496248124063,-1.2975196089106047
1.4102051025512754,4.424093696912843
4.019509754877438,8.025112582251754
4.52776388194097,13.301270627221854
-2.0795397698849425,-1.3319308720326588
-0.5307653826913459,-0.717954621527837
2.5107553776888443,7.150177960716643
4.9759879939969975,12.627047995336293
-1.2431215607803903,1.426718709654378
2.7348674337168584,7.2402466041667815
0.8779389694847421,5.009777386402668
-0.39869934967483767,3.199910613783994
-0.7788894447223615,-3.050656000688381
-2.135567783891946,-1.4407632239183463
-2.619809904952476,-0.07193766949758862
2.366683341670835,7.915417082225293
3.967483741870935,10.18668771545806
1.202101050525262,6.875099316911601
-2.0355177588794398,-1.709278009680876
2.986993496748374,11.09950966046888
0.8219109554777386,7.8277750079382145
-1.0990495247623813,1.9636029941876552
3.72736368184092,13.11656499886983
-2.6038019009504754,-1.018805495064769
-1.127063531765883,-0.7967467431727218
-0.06253126563281652,7.693323221583725
-0.05452726363181615,1.5495528165364054
2.0945472736368185,6.035487416216066
-0.898949474737369,2.3226904705098876
-0.9989994997498752,0.7360624564438207
3.7793896948474233,6.934664210828208
1.1620810405202597,4.52133045303703
1.5422711355677832,6.990119391204248
3.2951475737868927,9.021057247790482
4.575787893946973,10.36338200220732
2.5467733866933466,7.372581442176319
0.2656328164082038,4.4171245333639995
0.08154077038519247,0.02223997843614889
0.573786893446723,4.928896928226387
-0.8749374687343674,-0.06588980845184178
-1.8354177088544272,-0.4249462715040314
-1.1350675337668836,3.637236265878574
1.950475237618809,7.101810854099394
0.7738869434717355,7.439186610158418
1.6783391695847918,2.236473666225125
-2.259629814907454,-2.131163064626253
4.811905952976487,13.449836538243419
1.258129064532266,6.123704106827764
2.346673336668334,4.114528670355508
1.1300650325162582,7.180070246441611
4.03951975987994,13.937011814905095
4.783891945972986,13.033546927877165
2.7788894447223607,1.8509880305833493
0.8859429714857425,2.962661090602861
-0.11455727863932008,0.6185656649049176
-0.578789394697349,3.004393281476708
-1.8194097048524263,4.301961763368764
2.6228114057028513,7.757715435351324
4.9159579789894945,11.826538671295793
-2.7678839419709855,-4.640617955895596
3.335167583791896,11.295964650426926
4.611805902951475,14.2184841081206
4.099549774887444,11.804737931874556
-2.4157078539269636,0.12516585528685908
2.654827413706853,7.537108950417232
2.6748374187093544,6.829334724094874
0.9899949974987492,5.971046793478282
0.9339669834917457,4.420892175254991
3.0030015007503748,6.656158263772777
-2.263631815907954,-2.247085705614449
4.195597798899449,15.189205362636297
-1.1510755377688846,0.9751309566892084
-1.4352176088044024,1.7622409997036441
1.842421210605302,7.24371159441035
3.511255627813907,10.19214264973198
2.93096548274137,7.346749103752586
-2.183591795897949,-3.8921300314446596
-2.0595297648824413,1.3049367792692381
-0.5347673836918463,3.339015412378197
4.707853926963481,14.512197318982745
1.5782891445722855,6.1767350318679135
-1.55927963981991,0.9501806052254154
-0.006503251625813,0.8304937144786457
4.147573786893446,8.584663259182605
1.3981990995497746,4.936498969200725
0.6898449224612304,1.1854881864192142
-2.775887943971986,-2.6106752281352934
4.1675837918959475,14.159606467220696
-2.291645822911456,-1.2791612048789043
-2.3156578289144574,2.71133004567786
0.829914957478739,5.3838526823202235
4.443721860930465,13.462019522783962
1.782391195597799,9.225928125257903
-2.583791895947974,-2.4262421414848134
1.9224612306153075,5.715873648345392
-2.9319659829914957,-1.6870822379466883
2.362681340670335,7.637622454333712
-1.2751375687843922,-0.9244502712961158
4.20360180090045,10.920798220656179
4.511755877938969,11.445243870136556
4.971985992996498,12.041844829151923
-1.7433716858429216,-2.792545763651172
2.6148074037018505,6.9247699813930454
-1.7113556778389196,2.9649232910220467
3.279139569784892,12.835641728375954
1.0780390195097542,2.7410064006170733
2.4387193596798395,7.35667552898609
1.8464232116058028,3.0091951726368404
0.9179589794897445,6.079177309976469
-2.307653826913457,-5.161087705978232
1.9744872436218106,7.327570206960525
3.747373686843421,6.451767040755961
-0.21060530265132593,0.2658984120862362
2.4267133566783388,7.6345280161542775
0.45372686343171553,2.9710449734768343
1.2821410705352676,6.87334565298722
2.6108054027013505,11.597025970878484
0.5937968984492246,5.2023913213995066
4.587793896948473,11.273080554656884
2.12656328164082,6.077242442642294
3.8194097048524256,11.367340579475457
3.327163581790895,10.878685656618115
4.951975987993997,13.135708113834902
3.9434717358679334,10.539790055157065
-0.7588794397198599,-4.060578396848016
0.44972486243121557,4.875620733387097
1.3061530765382692,0.8632448535197295
3.839419709854927,9.535669944529594
0.23361680840420185,2.8494694053417486
-2.919959979989995,-2.1446141017551494
1.7583791895947973,6.304750452131532
-0.33466733366683377,2.3930995203800576
2.3946973486743364,10.263933894915379
1.2741370685342668,6.110239540620958
-0.5267633816908455,3.559298513374781
3.0270135067533763,6.959234189019452
-2.723861930965483,-3.9047463197008945
0.03751875937968974,4.9570892720591635
-0.8429214607303654,-2.064710737818068
3.5312656328164076,12.23862375290571
-2.763881940970485,-0.5413293845932277
3.2431215607803896,13.937911330415197
0.5577788894447222,8.222494099873497
-0.5587793896948474,1.4996240602160447
-2.4477238619309656,0.823222933499312
0.6978489244622308,2.2986258946139766
-1.7833916958479241,-3.6088840015207375
-2.9599799899949977,-2.3705651570959794
0.713856928464232,4.961798442054949
1.6943471735867934,9.914686564270706
0.8539269634817406,0.9061955926125491
-0.05052526263131574,4.892851286958815
1.1060530265132567,5.252336730087709
4.007503751875937,9.536579042862114
-2.251625812906453,0.41551214575325135
-0.722861430715358,4.0591057982600764
0.029514757378688916,-0.062183284718808185
-0.14657328664332203,3.9274748728555435
0.9499749874937464,8.798449240532717
2.114557278639319,8.675339675782983
2.526763381690845,8.92436464299509
2.77088544272136,8.738894333573404
-1.7793896948474237,2.6108507179647353
0.8939469734867429,4.568262881171958
3.7233616808404193,6.720723319489284
2.570785392696348,9.71548920945523
-0.3506753376688345,4.91676576198111
0.8379189594797394,3.5649747190757326
0.8899449724862429,5.634645087076016
1.030015007503752,4.34259390379097
1.5342671335667832,6.874684141891347
2.0985492746373184,10.258076922071815
4.84392196098049,8.874422147609492
3.115057528764382,6.815703458335342
3.859429714857428,10.766919747229759
3.8674337168584287,10.407813915824486
1.2141070535267628,7.2452633022546395
-2.887943971985993,-0.8179493750551734
-0.5867933966983494,1.4007526601794456
4.359679839919959,8.671295408071742
-0.018509254627313787,2.3099487679429225
1.6263131565782887,5.7646072773791355
2.014507253626813,7.593658345144669
2.0865432716358177,7.393507942514613
-0.5467733866933466,1.5695154032809633
4.851925962981491,14.056999932431655
-0.1545772886443224,3.571175474250792
2.422711355677839,6.823893416855515
-2.4277138569284644,-2.653704148448136
4.20760380190095,12.359402131526153
-1.2111055527763883,-0.9670925239783918
0.04552276138069011,3.91470747627927
4.04352176088044,13.35931124137662
-2.595797898949475,-4.513174689096421
4.867933966983491,11.713624978612637
1.8584292146073036,6.510963505411554
2.4467233616808404,7.656403972419479
1.7903951975987988,4.225115996953589
2.406703351675837,6.625619965536771
2.074537268634317,4.352605099721005
0.10155077538769364,4.133849435742978
-0.25062531265632826,1.9075149001934517
0.969984992496248,3.8310064988066768
2.710855427713857,4.768930928104327
3.3191595797898943,8.521458394616186
-1.111055527763882,0.14964517977093483
-0.7908954477238619,-2.287697551986833
-2.2236118059029515,0.37581377214435463
2.942971485742871,7.243785834696991
0.6698349174587293,5.067307586394147
4.595797898949474,10.985150836981703
1.4142071035517754,7.467802553801838
-1.7673836918459231,2.205983982681472
3.9354677338669326,7.6088598697886995
-1.0830415207603803,0.61519810091597
3.323161580790395,9.916600055483304
3.6633316658329163,10.248035680484616
1.4222111055527762,5.135190452391451
0.6458229114557277,0.4413884078897392
0.9259629814907453,4.856083083284639
1.6543271635817902,6.9373350814284125
0.2576288144072034,2.8104892202467164
2.3186593296648317,7.031035809449548
3.8754377188594296,9.654868705402844
2.7268634317158575,6.312547895296761
-1.5312656328164083,2.603599675511913
2.0825412706353177,2.638876683159654
2.3226613306653325,6.082507499741848
4.411705852926462,15.065161294975269
-1.3591795897948975,-0.2284340642805952
-1.7273636818409206,1.338097615721372
-0.8469234617308654,0.7813205493806311
0.7538769384692343,3.1152508161984747
0.5777888944472234,4.7337415640713605
4.387693846923461,12.338123281560817
4.871935967983991,13.777727343629067
-1.6393196598299151,-4.774261450895351
1.5742871435717856,7.654676491379476
-0.8949474737368686,0.28734683619334245
-0.9029514757378689,3.545182064863258
-1.831415707853927,-1.554978746515094
-0.9749874937468737,2.8787727662632285
-0.6268134067033517,-0.713780719990365
2.754877438719359,8.31868484010532
0.5497748874437218,0.8261788954167391
3.7153576788394194,9.198671190543402
3.8914457228614303,12.173521507527372
-1.6193096548274137,1.1016104390175154
2.3306653326663325,6.517991626898251
3.507253626813406,5.023281438248902
4.9199599799899945,12.790762157229246
4.523761880940469,7.5619320304259565
-0.33066533266633336,1.2818428802785191
0.6418209104552273,5.036191149518775
-1.6633316658329165,-1.933009375456576
-0.04252126063031536,0.19628590091296383
-1.415207603801901,0.45602935767147557
-0.4147073536768384,2.56093895405511
2.0305152576288137,9.486626088502213
0.6178089044522257,5.43435352994047
0.4737368684342167,3.9590526597675217
-2.7558779389694847,1.9692855906179112
-2.8839419709854925,-2.626161899727334
4.215607803901951,9.5038804529994
-0.9469734867433717,0.6263279617599489
-2.83991995997999,-2.0637986845176863
1.9304652326163074,3.1347781690781265
-2.4117058529264632,-2.511156089783414
-0.7628814407203603,6.22933836316025
3.391195597798899,11.191905588602214
2.874937468734367,6.887055409943882
1.3941970985492746,6.442652093467659
-2.555777888944472,-4.756698068312319
1.5582791395697848,7.779053366796478
-0.5387693846923463,0.44154832177403236
3.8834417208604295,3.574599060662302
-0.2146073036518259,4.924854396641291
-2.19559779889945,-3.3921244780601425
1.726363181590795,5.3093805321660135
-2.875937968984492,-5.882612573781853
-2.503751875937969,-2.6437855644987627
-2.455727863931966,-4.604461863386119
-1.0470235117558782,-1.0739745371692218
4.647823911955977,11.738727455855136
0.08554277138569244,1.771035914777302
1.2781390695347667,3.4989790724892664
-2.9759879939969984,-0.23650968101150616
2.410705352676338,9.251798573057737
-2.471735867933967,0.18242418957349882
-1.1750875437718862,2.4814508654072487
-1.5032516258129065,1.1413274352376817
-0.12256128064032046,3.6623752971869896
3.6593296648324154,13.024477591707832
3.2351175587793897,11.973782682269617
2.4347173586793396,9.178894552683099
0.7658829414707351,5.8317148511908234
-1.7393696848424214,-0.8246203839296038
4.931965982991495,19.483151420028562
0.973986993496748,3.0217835757503373
2.418709354677338,8.955623668015242
3.459229614807403,11.701368921423084
3.743371685842921,10.007410266516244
-2.9719859929964985,-3.860086577602191
-1.431215607803902,0.060267119291836244
4.403701850925462,11.090577764801152
2.250625312656328,10.046322763415294
-2.3836918459229617,-2.226805275648935
0.8659329664832414,4.905200200985892
2.3706853426713357,11.097799857692765
1.32216108054027,4.541662472763645
0.2936468234117058,2.9567201883347174
1.5982991495747871,3.857091998028358
0.8459229614807402,0.5801160427448036
-1.5552776388194098,0.4809920164247944
3.903451725862931,12.654216102255331
-2.443721860930465,-3.8225987655479092
4.875937968984491,12.486837200295524
-2.7038519259629816,-1.7413047955877585
-1.5512756378189096,1.3652417595923447
-0.030515257628814574,3.499545465496466
4.3996998499249615,11.873969353095566
0.717858929464732,3.0271442094573193
4.83991995997999,13.897467367448177
-0.43871935967984,1.925294212761718
3.1950975487743865,13.616941754077061
1.442221110555277,8.5872516286303
0.3296648324162077,1.58279055589006
2.7828914457228606,6.73821924985187
1.2221110555277637,9.13100531439292
3.791395697848924,12.412055791331115
-0.27463731865932983,-0.4746648528152053
-1.703351675837919,-1.2281603243094676
-2.6558279139569785,-2.1639377932168684
1.6223111555777887,8.16591421391413
0.8059029514757374,2.905334840241439
-1.9674837418709354,-2.9233556925633097
-1.8114057028514259,0.17100556144838308
0.6618309154577284,4.890106304226107
4.103551775887944,10.775331569987916
1.1900950475237613,4.381700218836121
2.2066033016508246,6.237005347493877
-1.5992996498249126,0.24679256743075978
-2.299649824912456,1.9897935075731223
-1.4952476238119061,0.5339203005086426
0.11755877938969483,8.816112085324129
-2.1115557778889444,3.5180803205405047
1.2861430715357676,7.635363391271831
2.8549274637318653,3.826549636475491
-1.07903951975988,2.4396966888599714
4.279639819909955,10.695841447669581
-0.1665832916458232,1.169920798836512
4.4517258629314655,12.501233102978421
1.4542271135567777,6.568864210142199
1.2381190595297644,5.522255187820478
-1.8074037018509255,0.25445194350536793
-2.391695847923962,0.7234710508259479
-1.9354677338669335,0.7745975085556336
4.599799899949974,11.989437442886253
-2.983991995997999,-0.561946562961197
2.8869434717358677,8.947813101051391
1.5662831415707847,3.2010878689336826
-2.599799899949975,1.5160032866293385
-0.2306153076538271,-0.24360224981732959
3.1790895447723857,9.558732527362057
-0.17058529264632316,2.439046585577067
-0.43471735867934,4.826962207343975
2.642821410705352,6.260802600770203
-1.7553776888444224,0.11994400406800698
3.519259629814907,13.182181999592624
-0.1025512756378193,2.42936781279507
-1.4912456228114057,-2.2393445186675156
2.8029014507253622,6.17454614564028
4.307653826913456,10.644122917088005
-2.5917958979489746,-0.629257551750714
-0.6908454227113556,5.0555846309810555
3.1470735367683833,6.7396469326238
4.275637818909455,12.232331421752866
-0.4427213606803404,1.1158565273847239
4.031515757878939,8.34367757848847
0.2736368184092042,0.8010247540407951
-2.8279139569784895,-2.5614558032838373
-1.143071535767884,1.4626086942843117
0.5337668834417206,3.4560684131417663
0.37368684342171044,2.374042911126893
4.579789894947473,14.22064616055221
-1.1030515257628817,-2.0693328520380825
-0.49074537268634355,0.8720174325296735
3.167083541770885,6.001528801028498
-2.9639819909954976,-2.501670945087025
-2.6958479239619813,-5.621982747791774
-0.582791395697849,2.0270580503556874
0.8739369684842417,2.8753503205047695
2.1585792896448224,6.917290371241083
-2.1515757878939468,0.615895213423445
2.0385192596298145,6.496149313684251
1.1100550275137566,2.671093896114441
2.8469234617308654,9.461666173538193
-2.4677338669334667,-2.591643820511406
4.831915957978989,12.94590404895811
1.5902951475737863,5.522798184024356
-2.6838419209604805,-0.32385001362359445
-1.527263631815908,0.38266584345129556
4.487743871935967,10.632016979058399
3.099049524762381,7.2362519504226
4.6878439219609795,13.906283149109619
-1.3391695847923963,0.6053579696648961
1.4782391195597793,4.151322742590153
-0.42271135567783924,4.124972267638849
-1.5672836418209106,-3.9066404264795147
2.2146073036518255,8.688585656351709
1.4982491245622809,13.383141752158885
2.1465732866433216,9.036789513871803
-0.26263131565782905,1.0570734970188176
4.69584792396198,12.547051507707078
-0.19059529764882477,1.1047579460327355
1.6863431715857926,0.7357781679737387
1.2101050525262629,5.742535019104389
2.994997498749374,11.819357828961511
2.478739369684842,8.732809037912928
1.262131065532766,5.298217013184365
3.4952476238119052,10.704844725142257
0.825912956478239,3.394209945445131
-0.838919459729865,0.6923573264595453
-0.32666333166583295,5.667625967277697
1.1820910455227613,5.471392709031221
-0.4307153576788396,3.6053568313678417
-1.4752376188094047,-1.0531557253908306
-1.9794897448724362,-2.6383118851618805
1.9264632316158075,5.902413082101415
0.8419209604802398,4.638189549355012
4.6318159079539765,11.709792242586811
2.402701350675337,5.91954033612315
0.07353676838419165,7.3393373423006025
4.023511755877938,11.93429388592013
4.943971985992996,11.406986313584014
-0.9509754877438721,2.2409783836550297
4.139569784892446,6.608343938202825
2.76288144072036,7.103282548864688
2.018509254627313,9.366162433868354
3.6513256628314155,11.071984477607401
2.998999499749875,9.11888283039371
3.6993496748374186,11.636987848272895
0.2696348174087042,2.7178633265240064
-1.1630815407703854,3.724791581308406
4.427713856928464,8.40411174324127
-0.9189594797398701,1.6758163922807041
4.183591795897948,11.744905425257226
-1.575287643821911,-0.9708297909677134
1.7023511755877934,5.804596338100032
-0.3706853426713357,0.37890950575067595
0.11355677838919442,-1.7048425410141625
3.8114057028514257,12.14116806078782
1.3901950975487738,5.565374861474566
-1.0430215107553777,1.061653437320014
3.7033516758379186,7.700750747423773
0.013506753376688163,5.1411782496578144
-2.84392196098049,-4.170560609139097
2.4307153576788387,6.831035198182239
4.479739869934967,14.721002203070736
4.84792396198099,13.547534673993487
0.3376688344172085,2.330792001211073
2.078539269634817,8.361432987119812
-2.5437718859429714,-3.4122847962380307
1.9424712356178082,5.820830293311339
3.0870435217608803,8.874932812391226
-0.48674337168584314,4.906151493509073
1.602301150575287,7.30800257491445
-3.0,-0.6959614392986442
-1.895447723861931,-1.3594549277648658
-1.6473236618309155,-1.074384074284547
3.0070035017508747,7.396465959274575
-0.5187593796898451,2.659290483328413
-0.18659329664832436,2.7847864043915393
1.6463231615807903,8.332184017932235
1.2541270635317652,6.395419591225888
-2.6118059029514757,-4.161941935468776
4.2276138069034515,10.024751931956414
0.5857928964482237,1.933314763774284
4.899949974987493,15.143627968538954
-0.9909954977488744,0.6634877305467117
-1.223111555777889,-0.9147290538909658
3.7753876938469233,13.256859446445226
0.137568784392196,0.7351724847706187
-1.255127563781891,0.3634273938723871
-2.6878439219609804,-3.888299669976312
0.5017508754377187,3.3240715328516655
0.8819409704852426,6.4025568320255
-2.5637818909454726,-1.1384414496887685
1.0540270135067527,6.3909482894256335
-2.187593796898449,-0.8396014703586994
4.947973986993496,11.643042467069252
-0.5627813906953478,5.9805123334760335
0.37768884442221085,3.62016412163986
1.9184592296148066,8.886273317967932
-0.7668834417208608,1.050172274170237
-2.2196098049024515,-2.299744340542471
3.8154077038519256,11.555481401976987
-0.2826413206603302,7.603814901012294
0.9939969984992492,3.421285419162084
-1.8554277138569286,-1.4624632912605173
0.35367683841920927,0.676200244687275
3.9994997498749374,7.368775483289761
2.5587793896948474,4.532580348412083
1.082041020510255,4.632163446446691
0.42971485742871396,6.080193873501413
3.955477738869434,12.237199096226355
2.002501250625312,7.450234564391382
-0.11055527763881967,4.279327748926334
2.690845422711355,11.840189561452611
1.5702851425712856,6.061037710588649
-0.17458729364682357,0.9957220530435222
3.559279639819909,11.394183327131207
0.24562281140570263,5.320997204862363
2.28264132066033,14.329787872976262
-0.0705352676338169,-0.181539996477869
0.6738369184592292,3.980727708434199
2.638819409704852,8.447697614902165
4.36768384192096,13.77000481968609
3.035017508754377,8.978236525809177
-1.4712356178089045,1.2621872434922194
-2.0995497748874437,0.40345130077039437
-2.3876938469234616,-2.6463899127966486
4.2836418209104545,14.86400570455292
1.662331165582791,7.473444575163789
2.462731365682841,4.616833670198318
3.3111555777888944,7.23812533708727
-0.6628314157078541,4.034899510519775
-1.23911955977989,0.8671330625029827
2.006503251625812,7.113926514520209
2.2706353176588294,6.928147373681003
1.6503251625812903,3.5675765234220105
-2.7998999499749875,-4.525343920568873
4.719859929964982,11.600466156089619
3.9874937468734366,9.42369883835589
1.5942971485742872,5.583273686274323
0.3856928464232112,5.415827855949614
3.9474737368684334,8.19277451983817
3.631315657828914,9.164506827252353
-2.0635317658829413,0.368844770940312
-1.991495747873937,-3.0350001499989165
4.69984992496248,14.144702547701538
-2.019509754877439,-2.2180333016542964
1.0580290145072535,7.5271512177706725
0.4817408704352175,5.143546132386915
-0.9629814907453729,0.4143433635267805
-0.13056528264132083,3.1653743463173716
-1.5832916458229116,1.5715094371214107
-0.26663331665832946,3.799894963553693
3.635317658829414,10.75704487668663
-2.083541770885443,0.8470405376296806
-2.8159079539769887,-1.8220904965303224
-2.3236618309154577,2.1598072057433733
1.9144572286143067,6.890215334678989
0.7058529264632312,6.9235716441692645
2.6028014007003497,9.442415734602672
1.6183091545772887,10.015549395754118
0.29764882441220575,6.261087173293765
-0.6468234117058529,0.11030587346752307
0.9819909954977484,3.5518349119995793
1.722361180590295,6.892728136023361
-0.3106553276638322,2.630010764496461
3.2471235617808896,7.230729349883759
-2.907953976988494,-1.1862293123180614
-1.7313656828414208,-3.2743933066482307
0.0575287643821909,4.495988138338143
1.4662331165582785,4.163235265915933
-2.51975987993997,-4.1686949016521275
-2.771885942971486,-3.0107324709299212
4.251625812906453,15.098272183398292
3.687343671835918,11.224311700506155
3.851425712856428,10.949211388048276
3.347173586793396,11.540589521828313
1.5622811405702848,6.719699242030466
-0.034517258629314984,3.9040026658644797
4.907953976988494,14.613213468751582
-2.4997498749374687,-2.5111614355797203
1.3381690845422707,4.1135456571460685
2.5667833916958473,6.891753233735199
3.9954977488744365,10.274065931223213
-1.1670835417708856,2.264694147939535
-0.8909454727363681,0.6219106899237293
3.807403701850925,11.909453156635196
4.0555277638819405,10.112966676898148
3.3511755877938967,10.94297353543392
2.5987993996998497,5.501469265686715
0.3456728364182089,1.6156260528773947
-0.9709854927463732,-0.3883526516903597
2.990995497748874,10.87985568551841
-2.83591795897949,0.7934213644616519
-2.423711855927964,-3.8377527935578577
-1.975487743871936,2.8540503960807286
-2.055527763881941,-0.4048129456623738
3.8234117058529256,9.832305299203918
2.92296148074037,8.636404202907983
1.3821910955477739,3.450829590701447
0.45772886443221594,5.353903287007395
3.0670335167583787,9.388291581644742
3.111055527763882,8.479896822671272
-2.7158579289644824,-2.674669612196999
2.9589794897448716,7.07892489926435
-1.1230615307653828,-1.121383470643301
3.6393196598299147,7.88425754154663
1.146073036518259,4.182968343346215
1.7943971985992997,8.435295133602525
3.8274137068534264,9.68155422799451
2.466733366683341,9.219676461751721
2.1665832916458223,4.681700942865092
3.8354177088544263,11.118868572133675
2.1105552776388192,6.352830042132947
-1.8594297148574288,-1.3915110943358262
0.7378689344672336,4.019639645237743
0.31365682841420695,8.986928925610853
-0.8829414707353678,1.0116339820473228
3.1870935467733865,7.019853619537358
1.434217108554277,5.888640612145622
-2.19959979989995,1.7291253210194437
2.1025512756378184,9.422979581045652
2.806903451725862,7.3695003221483795
0.32566283141570773,2.6017845457399575
-0.9309654827413709,0.45633630190626573
3.155077538769384,9.101340815425194
1.3541770885442714,1.2209109305965544
3.0910455227613802,13.228797366812207
-0.35467733866933493,0.3379314175868755
0.4937468734367183,2.2665737469497467
2.4507253626813403,6.59373407277517
3.5872936468234116,9.408854355065337
0.26163081540770383,3.2611593923078463
0.1735867933966979,2.5821094681239556
1.658329164582291,8.569168156394381
3.039019509754877,8.829741152449833
4.795897948974487,12.928924716343097
1.0980490245122558,3.298111131574809
-0.01050525262631341,2.0427921697509137
-0.6228114057028518,1.1659046745849837
-1.8914457228614308,-2.5721392713559506
0.12956478239119518,2.4462552559189983
2.29064532266133,6.330791257284704
-2.7398699349674835,-1.0608668569653315
4.143571785892946,8.178738133845616
2.4907453726863427,9.388549925456662
-1.015007503751876,0.288426470244201
-2.419709854927464,-4.948515409345346
0.46973486743371673,4.610134807552992
0.4097048524262128,2.9749031415926703
-2.3396698349174585,-2.314670942464945
-0.09854927463731888,2.45644443903151
-1.847423711855928,0.3926695657724155
4.003501750875437,15.615317767691376
4.5157578789394694,13.733575984316944
-2.547773886943472,-2.345706675628624
2.578789394697348,8.785478386199745
-2.0275137568784394,1.2445006519921709
1.1260630315157574,7.921226842074285
-1.4392196098049026,-0.7240236934903926
-2.803901950975488,-5.471451227684801
2.76688344172086,7.324339136217878
2.0225112556278138,6.468130203415347
1.2181090545272637,4.551548574054901
0.10555277638819405,2.484444634154996
1.7343671835917958,7.098672987109067
2.7868934467233615,7.953773916771773
3.0190095047523755,11.29868798404008
1.730365182591295,8.409074788588418
4.623811905952976,13.835591974124759
2.13056528264132,6.655055877230082
3.4712356178089037,11.868627498692561
2.5067533766883434,7.656972073871209
2.814907453726863,7.849757310145677
-2.051525762881441,-5.76945355238295
2.694847423711855,9.458618008087491
2.7228614307153576,9.431621591852865
2.1065532766383184,6.142484763666752
-2.075537768884442,-0.7280844080496545
-0.1385692846423212,2.184310557603224
3.9314657328664326,11.619764284610204
3.5272636318159076,5.921528227135833
2.646823411705853,7.9124948070662136
3.6473236618309146,9.417137778364076
4.827913956978489,14.863826474656424
-1.9554777388694349,-2.359103223925704
-1.07503751875938,1.9534990537425048
0.3176588294147069,4.796195813264734
-2.691845922961481,0.28056362755628594
3.159079539769884,10.006653429524594
-0.5907953976988498,1.8574063434196906
-2.2676338169084542,-1.7414062593771225
-1.9074537268634317,-3.1320588900980155
0.7818909454727363,6.009555505551841
3.379189594797398,7.664173983967162
3.3031515757878935,9.668463394512703
0.2776388194097046,4.598102834146524
-1.095047523761881,0.6716401761526677
0.15757878939469716,5.85098355679637
1.8504252126063028,6.473572089143904
-2.8479239619809906,-4.3266999878378885
0.1895947973986991,4.962398647900437
-0.03851925962981495,4.927492505811745
-0.22261130565282672,3.2156116157096157
2.530765382691345,6.804399993498423
-2.6438219109554777,-2.378087976359405
3.4072036018008998,10.313809918022738
1.9944972486243122,8.139376375672086
-2.371685842921461,-0.8995268831165714
-1.9874937468734368,1.0793937863208427
-0.2706353176588294,4.036482823832845
1.0060030015007504,4.698904333149908
3.6073036518259123,8.498071654143978
0.18159079539769873,5.557381934870234
3.455227613806903,9.723347854790712
1.6303151575787886,5.69506912782608
4.667833916958479,11.386283674132574
-1.7473736868434218,-1.0763054366567468
-0.7068534267133568,1.9248394959436665
-1.9634817408704353,-2.3863445253942097
-2.4077038519259633,-2.35232947999611
3.803401700850425,14.267725524991729
-1.655327663831916,1.7218197747457369
4.835917958979489,10.621740359134497
0.9099549774887441,5.483522916278945
1.1140570285142566,4.535879443503714
1.5142571285642816,5.888908604810848
-2.2716358179089546,-2.6357903989973277
-2.7078539269634816,-2.9530312354197927
4.7478739369684835,13.65034369002246
-2.7358679339669836,-0.5589693468370964
4.551775887943972,15.254668481417923
3.615307653826913,9.142077286340175
0.7338669334667332,1.9062644309773678
-1.943471735867934,-1.3950227935890989
0.30565282641320657,2.3527373814196633
-1.5472736368184092,1.3993499882826526
-2.7518759379689843,-1.4370321697896278
1.1780890445222605,7.493536729970595
2.350675337668834,8.697622671295337
-1.8514257128564282,0.29835366667823626
0.4217108554277136,6.234901711962538
-1.6993496748374188,-0.24005036042741687
-0.7348674337168588,2.173427792538108
0.7578789394697347,7.001408592727131
-1.447223611805903,1.2385871502910766
4.155577788894447,11.68808157815094
0.9579789894947472,3.60308866712992
3.551275637818909,10.754578876843684
-0.6028014007003502,3.4215785205412446
2.650825412706353,5.383451096714506
-1.23511755877939,-1.7740499654326523
0.68184092046023,3.668389505622204
-2.6238119059529765,2.5752150260425033
-0.10655327663831926,3.2531690905374786
0.6658329164582288,2.2526022385375057
4.087543771885943,11.674252957469161
2.8349174587293646,8.076966019260762
4.987993996998498,13.993577792051356
0.2016008004001999,2.730661291123775
4.883941970985492,12.89517590224829
-1.687343671835918,0.9153793943103636
0.7098549274637316,1.6618435693220395
-0.150575287643822,1.3443220345676399
-2.0915457728864433,-0.748653243499199
-2.5317658829414706,-5.4113554997982485
4.483741870935467,9.365789615971856
-1.3311655827913957,0.5138194577977123
1.4622311155577785,6.898612248868961
-1.1830915457728866,1.0918604844296207
0.40570285142571283,1.9394851860364946
-1.5872936468234118,1.9845447250280626
2.634817408704352,7.842988793959417
4.175587793896948,9.80245596330306
-1.3871935967983993,0.21815812236465487
1.610305152576288,6.885387651853981
-1.0110055027513758,1.8514320215461793
2.750875437718859,9.473980935064708
